company_name,contact_name,domain,website,service_match,opportunity_type,business_summary,where_they_are_good,where_they_are_lacking,confident_pitch,emails,phones,linkedin_company,linkedin_profiles,twitter,instagram,country,city,industry_niche,tech_stack,lead_score,audit_notes,source,status,created_at
Digital Marketing Agency Bangalore,,brightads.in,https://brightads.in,Chatbots,No 24/7 AI Chatbot (Visitor Lead Loss),"Bright Ads is an emerging digital marketing agency in Bangalore offering comprehensive solutions in SEO services, social media marketing, br",Clear product positioning and strong business offering • Active brand presence across digital social channels • Comprehensive content coverage explaining their services,No automated 24/7 AI chatbot or live support; visitors leave without instant answers or lead capture,"Hi Digital Marketing Agency Bangalore team! Love what you're doing with Digital Marketing Agency Bangalore—especially clear product positioning and strong business offering.

I was doing a quick technical audit of your digital infrastructure and noticed your website doesn't currently have an AI chatbot or 24/7 lead qualification widget. Right now, high-intent visitors who browse after hours leave without getting answered. I build automated conversational AI chatbots that answer customer FAQs, capture verified emails/phones, and book calls 24/7 without extra team overhead.

I put together a couple of quick ideas on how we can implement this in a few days. Would you be open to a 2-minute video walkthrough or a quick chat this week?","careers@brightads.in, support@brightads.in","+91 888 400 540, +918553009696, 888 400 540",https://www.linkedin.com/company/brightadsindia/,"https://www.linkedin.com/in/abhishek-bohidar/, https://www.linkedin.com/in/selvendran-seejas-887195267/",https://twitter.com/brightads_india,https://instagram.com/brightads_digitalindia,India,,Digital Agency,"Bootstrap, Google Analytics",HOT,No automated 24/7 AI chatbot or live support; visitors leave without instant answers or lead capture,dossier_test,New,2026-10-04 04:48:34
Spinta Digital,imparting insightful,spintadigital.com,https://spintadigital.com,Chatbots,No 24/7 AI Chatbot (Visitor Lead Loss),"Spinta Digital is a leading digital marketing agency in Chennai offering Social media marketing, branding services, PPC & AI SEO to drive tr",Clear product positioning and strong business offering • Active brand presence across digital social channels • Comprehensive content coverage explaining their services,No automated 24/7 AI chatbot or live support; visitors leave without instant answers or lead capture,"Hi Spinta Digital team! Love what you're doing with Spinta Digital—especially clear product positioning and strong business offering.

I was doing a quick technical audit of your digital infrastructure and noticed your website doesn't currently have an AI chatbot or 24/7 lead qualification widget. Right now, high-intent visitors who browse after hours leave without getting answered. I build automated conversational AI chatbots that answer customer FAQs, capture verified emails/phones, and book calls 24/7 without extra team overhead.

I put together a couple of quick ideas on how we can implement this in a few days. Would you be open to a 2-minute video walkthrough or a quick chat this week?","hello@spintadigital.com, hr@spintadigital.com","+19013717302, +44 7988 782024, +91 99528 03469",https://www.linkedin.com/company/spinta-digital/,,,https://www.instagram.com/spintadigital/,India,,Digital Agency,"WordPress, Google Analytics",HOT,No automated 24/7 AI chatbot or live support; visitors leave without instant answers or lead capture,dossier_test,New,2026-10-04 04:48:33
pi pod,,pipod.dev,https://pipod.dev,Custom Pipelines & Web Dev,Full-Stack Integrations & Scale,pi pod runs your pi session in a cloud pod,Clear product positioning and strong business offering,"Architecture lacks custom API integrations, real-time data sync, and high-performance microservices","Hi pi pod team! Love what you're doing with pi pod—especially clear product positioning and strong business offering.

I was doing a quick technical audit of your digital infrastructure and as a full-stack engineer specializing in custom data pipelines and modern web engineering, I help teams build bespoke backend integrations, automated scrapers, and frontend feature modules on-demand without hiring full-time overhead.

I put together a couple of quick ideas on how we can implement this in a few days. Would you be open to a 2-minute video walkthrough or a quick chat this week?",,,,,,,International / Global,,Developer Tools,,HIGH,"Architecture lacks custom API integrations, real-time data sync, and high-performance microservices",autopilot_daemon,New,2026-10-04 04:42:01
Thoreau BASIC,,thoreaubasic.com,https://thoreaubasic.com,Custom Pipelines & Web Dev,Scalable Full-Stack Engineering,,,,,info@thoreaubasic.com,,,,,,United States,,Autopilot Qualified,,HIGH,"Modern stack identified; opportunity for backend pipelines, microservices, or custom integrations",autopilot_daemon,New,2026-10-04 04:42:00
Offrun,,offrun.dev,https://offrun.dev,Custom Pipelines & Web Dev,Scalable Full-Stack Engineering,,,,,"hello@founderly.xyz, legal@founderly.xyz, sam@acme.co, sam@studio.dev, you@company.com, you@gmail.com",,https://www.linkedin.com/company/offrun,,https://x.com/offrundotdev,,United States,,Autopilot Qualified,Google Analytics,HIGH,"Modern stack identified; opportunity for backend pipelines, microservices, or custom integrations",autopilot_daemon,New,2026-10-04 04:42:00
Metalab,,metalab.com,https://metalab.com,,,,,,,"contact@metalab.com, hello@metalab.com, onejobplz@metalab.com",,,,,,United States,New York,Product Design Agency,"Next.js, Google Analytics",HIGH,,test_intl,New,2026-10-04 04:31:28
Digital Marketing Agency in Bangalore,,firstlaunch.in,https://firstlaunch.in,,,,,,,"bootstrap-icons@1.11.3, bootstrap@5.3.5, core@2.11.8, hello@firstlaunch.in, slick-carousel@1.8.1","+91 79434 47339, +917943447339",https://www.linkedin.com/company/firstlaunch/,,https://twitter.com/FirstLaunchIn,https://www.instagram.com/firstlaunchin/,India,,Digital Marketing,"WordPress, WooCommerce, Google Analytics",HIGH,,test_radar,New,2026-10-04 04:30:55
Digital Marketing Agency in Bangalore,,digimarkagency.com,https://digimarkagency.com,,,,,,,"hr@digimarkagency.com, info@digimarkagency.com","+91 91873 75459, +919187375459",https://www.linkedin.com/company/digimark-agency,,https://twitter.com/DigimarkAgency,https://www.instagram.com/digimarkagency/,India,,Digital Marketing,Google Analytics,HIGH,,test_radar,New,2026-10-04 04:30:55
